,mass,abundance
1001,1.00782503223,0.999885
1002,2.01410177812,0.000115
1003,3.0160492779,0.0
1004,4.02643,0.0
1005,5.035311,0.0
1006,6.04496,0.0
1007,7.0527,0.0
2003,3.0160293201,1.34e-06
2004,4.00260325413,0.99999866
2005,5.012057,0.0
2006,6.018885891,0.0
2007,7.0279907,0.0
2008,8.03393439,0.0
2009,9.043946,0.0
2010,10.05279,0.0
3003,3.0308,0.0
3004,4.02719,0.0
3005,5.012538,0.0
3006,6.0151228874,0.0759
3007,7.0160034366,0.9241
3008,8.022486246,0.0
3009,9.02679019,0.0
3010,10.035483,0.0
3011,11.04372358,0.0
3012,12.052517,0.0
3013,13.06263,0.0
4005,5.0399,0.0
4006,6.0197264,0.0
4007,7.016928717,0.0
4008,8.005305102,0.0
4009,9.012183065,1.0
4010,10.013534695,0.0
4011,11.02166108,0.0
4012,12.0269221,0.0
4013,13.036135,0.0
4014,14.04289,0.0
4015,15.05342,0.0
4016,16.06167,0.0
5006,6.0508,0.0
5007,7.029712,0.0
5008,8.0246073,0.0
5009,9.01332965,0.0
5010,10.01293695,0.199
5011,11.00930536,0.801
5012,12.0143527,0.0
5013,13.0177802,0.0
5014,14.025404,0.0
5015,15.031088,0.0
5016,16.039842,0.0
5017,17.04699,0.0
5018,18.05566,0.0
5019,19.0631,0.0
5020,20.07207,0.0
5021,21.08129,0.0
6008,8.037643,0.0
6009,9.0310372,0.0
6010,10.01685331,0.0
6011,11.0114336,0.0
6012,12.0,0.9893
6013,13.00335483507,0.0107
6014,14.0032419884,0.0
6015,15.01059926,0.0
6016,16.0147013,0.0
6017,17.022577,0.0
6018,18.026751,0.0
6019,19.0348,0.0
6020,20.04032,0.0
6021,21.049,0.0
6022,22.05753,0.0
6023,23.0689,0.0
7010,10.04165,0.0
7011,11.026091,0.0
7012,12.0186132,0.0
7013,13.00573861,0.0
7014,14.00307400443,0.99636
7015,15.00010889888,0.00364
7016,16.0061019,0.0
7017,17.008449,0.0
7018,18.014078,0.0
7019,19.017022,0.0
7020,20.023366,0.0
7021,21.02711,0.0
7022,22.03439,0.0
7023,23.04114,0.0
7024,24.05039,0.0
7025,25.0601,0.0
8012,12.034262,0.0
8013,13.024815,0.0
8014,14.00859636,0.0
8015,15.00306562,0.0
8016,15.99491461957,0.99757
8017,16.9991317565,0.00038
8018,17.99915961286,0.00205
8019,19.003578,0.0
8020,20.00407535,0.0
8021,21.008655,0.0
8022,22.009966,0.0
8023,23.015696,0.0
8024,24.01986,0.0
8025,25.02936,0.0
8026,26.03729,0.0
8027,27.04772,0.0
8028,28.05591,0.0
9014,14.034315,0.0
9015,15.018043,0.0
9016,16.0114657,0.0
9017,17.00209524,0.0
9018,18.00093733,0.0
9019,18.99840316273,1.0
9020,19.999981252,0.0
9021,20.9999489,0.0
9022,22.002999,0.0
9023,23.003557,0.0
9024,24.008115,0.0
9025,25.012199,0.0
9026,26.020038,0.0
9027,27.02644,0.0
9028,28.03534,0.0
9029,29.04254,0.0
9030,30.05165,0.0
9031,31.05971,0.0
10016,16.02575,0.0
10017,17.01771396,0.0
10018,18.0057087,0.0
10019,19.00188091,0.0
10020,19.9924401762,0.9048
10021,20.993846685,0.0027
10022,21.991385114,0.0925
10023,22.99446691,0.0
10024,23.99361065,0.0
10025,24.997789,0.0
10026,26.000515,0.0
10027,27.007553,0.0
10028,28.01212,0.0
10029,29.01975,0.0
10030,30.02473,0.0
10031,31.0331,0.0
10032,32.03972,0.0
10033,33.04938,0.0
10034,34.05673,0.0
11018,18.02688,0.0
11019,19.01388,0.0
11020,20.0073544,0.0
11021,20.99765469,0.0
11022,21.99443741,0.0
11023,22.989769282,1.0
11024,23.99096295,0.0
11025,24.989954,0.0
11026,25.9926346,0.0
11027,26.9940765,0.0
11028,27.998939,0.0
11029,29.0028771,0.0
11030,30.0090979,0.0
11031,31.013163,0.0
11032,32.02019,0.0
11033,33.02573,0.0
11034,34.03359,0.0
11035,35.04062,0.0
11036,36.04929,0.0
11037,37.05705,0.0
12019,19.034169,0.0
12020,20.01885,0.0
12021,21.011716,0.0
12022,21.99957065,0.0
12023,22.99412421,0.0
12024,23.985041697,0.7899
12025,24.985836976,0.1
12026,25.982592968,0.1101
12027,26.984340624,0.0
12028,27.9838767,0.0
12029,28.988617,0.0
12030,29.9904629,0.0
12031,30.996648,0.0
12032,31.9991102,0.0
12033,33.0053271,0.0
12034,34.008935,0.0
12035,35.01679,0.0
12036,36.02188,0.0
12037,37.03037,0.0
12038,38.03658,0.0
12039,39.04538,0.0
12040,40.05218,0.0
13021,21.02897,0.0
13022,22.01954,0.0
13023,23.00724435,0.0
13024,23.9999489,0.0
13025,24.9904281,0.0
13026,25.986891904,0.0
13027,26.98153853,1.0
13028,27.98191021,0.0
13029,28.9804565,0.0
13030,29.98296,0.0
13031,30.983945,0.0
13032,31.988085,0.0
13033,32.990909,0.0
13034,33.996705,0.0
13035,34.999764,0.0
13036,36.00639,0.0
13037,37.01053,0.0
13038,38.0174,0.0
13039,39.02254,0.0
13040,40.03003,0.0
13041,41.03638,0.0
13042,42.04384,0.0
13043,43.05147,0.0
14022,22.03579,0.0
14023,23.02544,0.0
14024,24.011535,0.0
14025,25.004109,0.0
14026,25.99233384,0.0
14027,26.98670481,0.0
14028,27.97692653465,0.92223
14029,28.9764946649,0.04685
14030,29.973770136,0.03092
14031,30.975363194,0.0
14032,31.97415154,0.0
14033,32.97797696,0.0
14034,33.978576,0.0
14035,34.984583,0.0
14036,35.986695,0.0
14037,36.992921,0.0
14038,37.995523,0.0
14039,39.002491,0.0
14040,40.00583,0.0
14041,41.01301,0.0
14042,42.01778,0.0
14043,43.0248,0.0
14044,44.03061,0.0
14045,45.03995,0.0
15024,24.03577,0.0
15025,25.02119,0.0
15026,26.01178,0.0
15027,26.999224,0.0
15028,27.9923266,0.0
15029,28.98180079,0.0
15030,29.97831375,0.0
15031,30.97376199842,1.0
15032,31.973907643,0.0
15033,32.9717257,0.0
15034,33.97364589,0.0
15035,34.9733141,0.0
15036,35.97826,0.0
15037,36.979607,0.0
15038,37.984252,0.0
15039,38.986227,0.0
15040,39.99133,0.0
15041,40.994654,0.0
15042,42.00108,0.0
15043,43.00502,0.0
15044,44.01121,0.0
15045,45.01645,0.0
15046,46.02446,0.0
15047,47.03139,0.0
16026,26.02907,0.0
16027,27.01828,0.0
16028,28.00437,0.0
16029,28.996611,0.0
16030,29.98490703,0.0
16031,30.97955701,0.0
16032,31.9720711744,0.9499
16033,32.9714589098,0.0075
16034,33.967867004,0.0425
16035,34.96903231,0.0
16036,35.96708071,0.0001
16037,36.97112551,0.0
16038,37.9711633,0.0
16039,38.975134,0.0
16040,39.9754826,0.0
16041,40.9795935,0.0
16042,41.9810651,0.0
16043,42.9869076,0.0
16044,43.9901188,0.0
16045,44.99572,0.0
16046,46.00004,0.0
16047,47.00795,0.0
16048,48.0137,0.0
16049,49.02276,0.0
17028,28.02954,0.0
17029,29.01478,0.0
17030,30.00477,0.0
17031,30.992414,0.0
17032,31.98568464,0.0
17033,32.97745199,0.0
17034,33.973762485,0.0
17035,34.968852682,0.7576
17036,35.968306809,0.0
17037,36.965902602,0.2424
17038,37.96801044,0.0
17039,38.9680082,0.0
17040,39.970415,0.0
17041,40.970685,0.0
17042,41.97325,0.0
17043,42.97389,0.0
17044,43.97787,0.0
17045,44.98029,0.0
17046,45.98517,0.0
17047,46.98916,0.0
17048,47.99564,0.0
17049,49.00123,0.0
17050,50.00905,0.0
17051,51.01554,0.0
18030,30.02307,0.0
18031,31.01212,0.0
18032,31.9976378,0.0
18033,32.98992555,0.0
18034,33.98027009,0.0
18035,34.97525759,0.0
18036,35.967545105,0.003336
18037,36.96677633,0.0
18038,37.96273211,0.000629
18039,38.964313,0.0
18040,39.9623831237,0.996035
18041,40.96450057,0.0
18042,41.9630457,0.0
18043,42.9656361,0.0
18044,43.9649238,0.0
18045,44.96803973,0.0
18046,45.968083,0.0
18047,46.972935,0.0
18048,47.97591,0.0
18049,48.9819,0.0
18050,49.98613,0.0
18051,50.9937,0.0
18052,51.99896,0.0
18053,53.00729,0.0
19032,32.02265,0.0
19033,33.00756,0.0
19034,33.99869,0.0
19035,34.98800541,0.0
19036,35.98130201,0.0
19037,36.97337589,0.0
19038,37.96908112,0.0
19039,38.9637064864,0.932581
19040,39.963998166,0.000117
19041,40.9618252579,0.067302
19042,41.96240231,0.0
19043,42.9607347,0.0
19044,43.96158699,0.0
19045,44.96069149,0.0
19046,45.96198159,0.0
19047,46.9616616,0.0
19048,47.96534119,0.0
19049,48.96821075,0.0
19050,49.97238,0.0
19051,50.975828,0.0
19052,51.98224,0.0
19053,52.98746,0.0
19054,53.99463,0.0
19055,55.00076,0.0
19056,56.00851,0.0
20034,34.01487,0.0
20035,35.00514,0.0
20036,35.993074,0.0
20037,36.98589785,0.0
20038,37.97631922,0.0
20039,38.97071081,0.0
20040,39.962590863,0.96941
20041,40.96227792,0.0
20042,41.95861783,0.00647
20043,42.95876644,0.00135
20044,43.95548156,0.02086
20045,44.95618635,0.0
20046,45.953689,4e-05
20047,46.9545424,0.0
20048,47.95252276,0.00187
20049,48.95566274,0.0
20050,49.9574992,0.0
20051,50.960989,0.0
20052,51.963217,0.0
20053,52.96945,0.0
20054,53.9734,0.0
20055,54.9803,0.0
20056,55.98508,0.0
20057,56.99262,0.0
20058,57.99794,0.0
21036,36.01648,0.0
21037,37.00374,0.0
21038,37.99512,0.0
21039,38.984785,0.0
21040,39.9779673,0.0
21041,40.969251105,0.0
21042,41.96551653,0.0
21043,42.9611505,0.0
21044,43.9594029,0.0
21045,44.95590828,1.0
21046,45.95516826,0.0
21047,46.9524037,0.0
21048,47.9522236,0.0
21049,48.9500146,0.0
21050,49.952176,0.0
21051,50.953592,0.0
21052,51.95688,0.0
21053,52.95909,0.0
21054,53.96393,0.0
21055,54.96782,0.0
21056,55.97345,0.0
21057,56.97777,0.0
21058,57.98403,0.0
21059,58.98894,0.0
21060,59.99565,0.0
21061,61.001,0.0
22038,38.01145,0.0
22039,39.00236,0.0
22040,39.9905,0.0
22041,40.983148,0.0
22042,41.97304903,0.0
22043,42.9685225,0.0
22044,43.95968995,0.0
22045,44.95812198,0.0
22046,45.95262772,0.0825
22047,46.95175879,0.0744
22048,47.94794198,0.7372
22049,48.94786568,0.0541
22050,49.94478689,0.0518
22051,50.94661065,0.0
22052,51.946893,0.0
22053,52.94973,0.0
22054,53.95105,0.0
22055,54.95527,0.0
22056,55.95791,0.0
22057,56.96364,0.0
22058,57.9666,0.0
22059,58.97247,0.0
22060,59.97603,0.0
22061,60.98245,0.0
22062,61.98651,0.0
22063,62.99375,0.0
23040,40.01276,0.0
23041,41.00021,0.0
23042,41.99182,0.0
23043,42.980766,0.0
23044,43.97411,0.0
23045,44.9657748,0.0
23046,45.96019878,0.0
23047,46.95490491,0.0
23048,47.9522522,0.0
23049,48.9485118,0.0
23050,49.94715601,0.0025
23051,50.94395704,0.9975
23052,51.94477301,0.0
23053,52.9443367,0.0
23054,53.946439,0.0
23055,54.94724,0.0
23056,55.95048,0.0
23057,56.95252,0.0
23058,57.95672,0.0
23059,58.95939,0.0
23060,59.96431,0.0
23061,60.96725,0.0
23062,61.97265,0.0
23063,62.97639,0.0
23064,63.98264,0.0
23065,64.9875,0.0
23066,65.99398,0.0
24042,42.0067,0.0
24043,42.99753,0.0
24044,43.98536,0.0
24045,44.97905,0.0
24046,45.968359,0.0
24047,46.9628974,0.0
24048,47.9540291,0.0
24049,48.9513333,0.0
24050,49.94604183,0.04345
24051,50.94476502,0.0
24052,51.94050623,0.83789
24053,52.94064815,0.09501
24054,53.93887916,0.02365
24055,54.94083843,0.0
24056,55.9406531,0.0
24057,56.943613,0.0
24058,57.94435,0.0
24059,58.94859,0.0
24060,59.95008,0.0
24061,60.95442,0.0
24062,61.9561,0.0
24063,62.96165,0.0
24064,63.96408,0.0
24065,64.96996,0.0
24066,65.97366,0.0
24067,66.98016,0.0
24068,67.98403,0.0
25044,44.00715,0.0
25045,44.99449,0.0
25046,45.98609,0.0
25047,46.975775,0.0
25048,47.96852,0.0
25049,48.959595,0.0
25050,49.95423778,0.0
25051,50.94820847,0.0
25052,51.9455639,0.0
25053,52.94128889,0.0
25054,53.9403576,0.0
25055,54.93804391,1.0
25056,55.93890369,0.0
25057,56.9382861,0.0
25058,57.9400666,0.0
25059,58.9403911,0.0
25060,59.9431366,0.0
25061,60.9444525,0.0
25062,61.94795,0.0
25063,62.9496647,0.0
25064,63.9538494,0.0
25065,64.9560198,0.0
25066,65.960547,0.0
25067,66.96424,0.0
25068,67.96962,0.0
25069,68.97366,0.0
25070,69.97937,0.0
25071,70.98368,0.0
26045,45.01442,0.0
26046,46.00063,0.0
26047,46.99185,0.0
26048,47.98023,0.0
26049,48.973429,0.0
26050,49.962975,0.0
26051,50.956841,0.0
26052,51.9481131,0.0
26053,52.9453064,0.0
26054,53.93960899,0.05845
26055,54.93829199,0.0
26056,55.93493633,0.91754
26057,56.93539284,0.02119
26058,57.93327443,0.00282
26059,58.93487434,0.0
26060,59.9340711,0.0
26061,60.9367462,0.0
26062,61.9367918,0.0
26063,62.9402727,0.0
26064,63.9409878,0.0
26065,64.9450115,0.0
26066,65.94625,0.0
26067,66.95054,0.0
26068,67.95295,0.0
26069,68.95807,0.0
26070,69.96102,0.0
26071,70.96672,0.0
26072,71.96983,0.0
26073,72.97572,0.0
26074,73.97935,0.0
27047,47.01057,0.0
27048,48.00093,0.0
27049,48.98891,0.0
27050,49.98091,0.0
27051,50.970647,0.0
27052,51.96351,0.0
27053,52.9542041,0.0
27054,53.94845987,0.0
27055,54.9419972,0.0
27056,55.9398388,0.0
27057,56.93629057,0.0
27058,57.9357521,0.0
27059,58.93319429,1.0
27060,59.9338163,0.0
27061,60.93247662,0.0
27062,61.934059,0.0
27063,62.9336,0.0
27064,63.935811,0.0
27065,64.9364621,0.0
27066,65.939443,0.0
27067,66.9406096,0.0
27068,67.94426,0.0
27069,68.94614,0.0
27070,69.94963,0.0
27071,70.95237,0.0
27072,71.95729,0.0
27073,72.96039,0.0
27074,73.96515,0.0
27075,74.96876,0.0
27076,75.97413,0.0
28048,48.01769,0.0
28049,49.0077,0.0
28050,49.99474,0.0
28051,50.98611,0.0
28052,51.9748,0.0
28053,52.96819,0.0
28054,53.957892,0.0
28055,54.95133063,0.0
28056,55.94212855,0.0
28057,56.93979218,0.0
28058,57.93534241,0.68077
28059,58.9343462,0.0
28060,59.93078588,0.26223
28061,60.93105557,0.011399
28062,61.92834537,0.036346
28063,62.92966963,0.0
28064,63.92796682,0.009255
28065,64.93008517,0.0
28066,65.9291393,0.0
28067,66.9315694,0.0
28068,67.9318688,0.0
28069,68.9356103,0.0
28070,69.9364313,0.0
28071,70.940519,0.0
28072,71.9417859,0.0
28073,72.9462067,0.0
28074,73.94798,0.0
28075,74.9525,0.0
28076,75.95533,0.0
28077,76.96055,0.0
28078,77.96336,0.0
28079,78.97025,0.0
29052,51.99671,0.0
29053,52.98459,0.0
29054,53.97666,0.0
29055,54.96604,0.0
29056,55.95895,0.0
29057,56.9492125,0.0
29058,57.94453305,0.0
29059,58.93949748,0.0
29060,59.9373645,0.0
29061,60.9334576,0.0
29062,61.93259541,0.0
29063,62.92959772,0.6915
29064,63.92976434,0.0
29065,64.9277897,0.3085
29066,65.92886903,0.0
29067,66.9277303,0.0
29068,67.9296109,0.0
29069,68.9294293,0.0
29070,69.9323921,0.0
29071,70.9326768,0.0
29072,71.9358203,0.0
29073,72.9366744,0.0
29074,73.9398749,0.0
29075,74.9415226,0.0
29076,75.945275,0.0
29077,76.94792,0.0
29078,77.95223,0.0
29079,78.95502,0.0
29080,79.96089,0.0
29081,80.96587,0.0
29082,81.97244,0.0
30054,53.99204,0.0
30055,54.98398,0.0
30056,55.97254,0.0
30057,56.96506,0.0
30058,57.954591,0.0
30059,58.94931266,0.0
30060,59.9418421,0.0
30061,60.939507,0.0
30062,61.93433397,0.0
30063,62.9332115,0.0
30064,63.92914201,0.4917
30065,64.92924077,0.0
30066,65.92603381,0.2773
30067,66.92712775,0.0404
30068,67.92484455,0.1845
30069,68.9265507,0.0
30070,69.9253192,0.0061
30071,70.9277196,0.0
30072,71.9268428,0.0
30073,72.9295826,0.0
30074,73.9294073,0.0
30075,74.9328402,0.0
30076,75.933115,0.0
30077,76.9368872,0.0
30078,77.9382892,0.0
30079,78.9426381,0.0
30080,79.9445529,0.0
30081,80.9504026,0.0
30082,81.95426,0.0
30083,82.96056,0.0
30084,83.96521,0.0
30085,84.97226,0.0
31056,55.99536,0.0
31057,56.9832,0.0
31058,57.97478,0.0
31059,58.96353,0.0
31060,59.95729,0.0
31061,60.949399,0.0
31062,61.94419025,0.0
31063,62.9392942,0.0
31064,63.9368404,0.0
31065,64.93273459,0.0
31066,65.9315894,0.0
31067,66.9282025,0.0
31068,67.9279805,0.0
31069,68.9255735,0.60108
31070,69.9260219,0.0
31071,70.92470258,0.39892
31072,71.92636747,0.0
31073,72.9251747,0.0
31074,73.9269457,0.0
31075,74.9265002,0.0
31076,75.9288276,0.0
31077,76.9291543,0.0
31078,77.9316088,0.0
31079,78.9328523,0.0
31080,79.9364208,0.0
31081,80.9381338,0.0
31082,81.9431765,0.0
31083,82.9471203,0.0
31084,83.95246,0.0
31085,84.95699,0.0
31086,85.96301,0.0
31087,86.96824,0.0
32058,57.99172,0.0
32059,58.98249,0.0
32060,59.97036,0.0
32061,60.96379,0.0
32062,61.95502,0.0
32063,62.949628,0.0
32064,63.9416899,0.0
32065,64.9393681,0.0
32066,65.9338621,0.0
32067,66.9327339,0.0
32068,67.9280953,0.0
32069,68.9279645,0.0
32070,69.92424875,0.2057
32071,70.92495233,0.0
32072,71.922075826,0.2745
32073,72.923458956,0.0775
32074,73.921177761,0.365
32075,74.92285837,0.0
32076,75.921402726,0.0773
32077,76.923549843,0.0
32078,77.9228529,0.0
32079,78.92536,0.0
32080,79.9253508,0.0
32081,80.9288329,0.0
32082,81.929774,0.0
32083,82.9345391,0.0
32084,83.9375751,0.0
32085,84.9429697,0.0
32086,85.94658,0.0
32087,86.95268,0.0
32088,87.95691,0.0
32089,88.96379,0.0
32090,89.96863,0.0
33060,59.99388,0.0
33061,60.98112,0.0
33062,61.97361,0.0
33063,62.9639,0.0
33064,63.95743,0.0
33065,64.949611,0.0
33066,65.9441488,0.0
33067,66.93925111,0.0
33068,67.9367741,0.0
33069,68.932246,0.0
33070,69.930926,0.0
33071,70.9271138,0.0
33072,71.9267523,0.0
33073,72.9238291,0.0
33074,73.9239286,0.0
33075,74.92159457,1.0
33076,75.92239202,0.0
33077,76.9206476,0.0
33078,77.921828,0.0
33079,78.9209484,0.0
33080,79.9224746,0.0
33081,80.9221323,0.0
33082,81.9247412,0.0
33083,82.9252069,0.0
33084,83.9293033,0.0
33085,84.9321637,0.0
33086,85.9367015,0.0
33087,86.9402917,0.0
33088,87.94555,0.0
33089,88.94976,0.0
33090,89.95563,0.0
33091,90.96039,0.0
33092,91.96674,0.0
34064,63.97109,0.0
34065,64.9644,0.0
34066,65.95559,0.0
34067,66.949994,0.0
34068,67.94182524,0.0
34069,68.9394148,0.0
34070,69.9335155,0.0
34071,70.9322094,0.0
34072,71.9271405,0.0
34073,72.9267549,0.0
34074,73.922475934,0.0089
34075,74.92252287,0.0
34076,75.919213704,0.0937
34077,76.919914154,0.0763
34078,77.91730928,0.2377
34079,78.91849929,0.0
34080,79.9165218,0.4961
34081,80.917993,0.0
34082,81.9166995,0.0873
34083,82.9191186,0.0
34084,83.9184668,0.0
34085,84.9222608,0.0
34086,85.9243117,0.0
34087,86.9286886,0.0
34088,87.9314175,0.0
34089,88.9366691,0.0
34090,89.9401,0.0
34091,90.94596,0.0
34092,91.94984,0.0
34093,92.95629,0.0
34094,93.96049,0.0
34095,94.9673,0.0
35067,66.96465,0.0
35068,67.95873,0.0
35069,68.950497,0.0
35070,69.944792,0.0
35071,70.9393422,0.0
35072,71.9365886,0.0
35073,72.9316715,0.0
35074,73.9299102,0.0
35075,74.9258105,0.0
35076,75.924542,0.0
35077,76.9213792,0.0
35078,77.9211459,0.0
35079,78.9183376,0.5069
35080,79.9185298,0.0
35081,80.9162897,0.4931
35082,81.9168032,0.0
35083,82.9151756,0.0
35084,83.916496,0.0
35085,84.9156458,0.0
35086,85.9188054,0.0
35087,86.920674,0.0
35088,87.9240833,0.0
35089,88.9267046,0.0
35090,89.9312928,0.0
35091,90.9343986,0.0
35092,91.9396316,0.0
35093,92.94313,0.0
35094,93.9489,0.0
35095,94.95301,0.0
35096,95.95903,0.0
35097,96.96344,0.0
35098,97.96946,0.0
36069,68.96518,0.0
36070,69.95604,0.0
36071,70.95027,0.0
36072,71.9420924,0.0
36073,72.9392892,0.0
36074,73.933084,0.0
36075,74.9309457,0.0
36076,75.9259103,0.0
36077,76.92467,0.0
36078,77.92036494,0.00355
36079,78.9200829,0.0
36080,79.91637808,0.02286
36081,80.9165912,0.0
36082,81.91348273,0.11593
36083,82.91412716,0.115
36084,83.9114977282,0.56987
36085,84.9125273,0.0
36086,85.9106106269,0.17279
36087,86.91335476,0.0
36088,87.9144479,0.0
36089,88.9178355,0.0
36090,89.9195279,0.0
36091,90.9238063,0.0
36092,91.9261731,0.0
36093,92.9311472,0.0
36094,93.93414,0.0
36095,94.939711,0.0
36096,95.943017,0.0
36097,96.94909,0.0
36098,97.95243,0.0
36099,98.95839,0.0
36100,99.96237,0.0
36101,100.96873,0.0
37071,70.96532,0.0
37072,71.95908,0.0
37073,72.95053,0.0
37074,73.9442659,0.0
37075,74.9385732,0.0
37076,75.935073,0.0
37077,76.9304016,0.0
37078,77.9281419,0.0
37079,78.9239899,0.0
37080,79.9225164,0.0
37081,80.9189939,0.0
37082,81.918209,0.0
37083,82.9151142,0.0
37084,83.9143752,0.0
37085,84.9117897379,0.7217
37086,85.91116743,0.0
37087,86.909180531,0.2783
37088,87.91131559,0.0
37089,88.9122783,0.0
37090,89.9147985,0.0
37091,90.9165372,0.0
37092,91.9197284,0.0
37093,92.9220393,0.0
37094,93.9263948,0.0
37095,94.92926,0.0
37096,95.9341334,0.0
37097,96.9371771,0.0
37098,97.9416869,0.0
37099,98.94503,0.0
37100,99.95003,0.0
37101,100.95404,0.0
37102,101.95952,0.0
37103,102.96392,0.0
38073,72.9657,0.0
38074,73.95617,0.0
38075,74.94995,0.0
38076,75.941763,0.0
38077,76.9379455,0.0
38078,77.93218,0.0
38079,78.9297077,0.0
38080,79.9245175,0.0
38081,80.9232114,0.0
38082,81.9183999,0.0
38083,82.9175544,0.0
38084,83.9134191,0.0056
38085,84.912932,0.0
38086,85.9092606,0.0986
38087,86.9088775,0.07
38088,87.9056125,0.8258
38089,88.9074511,0.0
38090,89.90773,0.0
38091,90.9101954,0.0
38092,91.9110382,0.0
38093,92.9140242,0.0
38094,93.9153556,0.0
38095,94.9193529,0.0
38096,95.9217066,0.0
38097,96.926374,0.0
38098,97.9286888,0.0
38099,98.9328907,0.0
38100,99.93577,0.0
38101,100.940352,0.0
38102,101.943791,0.0
38103,102.94909,0.0
38104,103.95265,0.0
38105,104.95855,0.0
38106,105.96265,0.0
38107,106.96897,0.0
39076,75.95856,0.0
39077,76.949781,0.0
39078,77.94361,0.0
39079,78.93735,0.0
39080,79.9343561,0.0
39081,80.9294556,0.0
39082,81.9269314,0.0
39083,82.922485,0.0
39084,83.9206721,0.0
39085,84.916433,0.0
39086,85.914886,0.0
39087,86.9108761,0.0
39088,87.9095016,0.0
39089,88.9058403,1.0
39090,89.9071439,0.0
39091,90.9072974,0.0
39092,91.9089451,0.0
39093,92.909578,0.0
39094,93.9115906,0.0
39095,94.9128161,0.0
39096,95.9158968,0.0
39097,96.9182741,0.0
39098,97.9223821,0.0
39099,98.924148,0.0
39100,99.927715,0.0
39101,100.9301477,0.0
39102,101.9343277,0.0
39103,102.937243,0.0
39104,103.94196,0.0
39105,104.94544,0.0
39106,105.95056,0.0
39107,106.95452,0.0
39108,107.95996,0.0
39109,108.96436,0.0
40078,77.95566,0.0
40079,78.94948,0.0
40080,79.9404,0.0
40081,80.93731,0.0
40082,81.93135,0.0
40083,82.9292421,0.0
40084,83.9233269,0.0
40085,84.9214444,0.0
40086,85.9162972,0.0
40087,86.914818,0.0
40088,87.9102213,0.0
40089,88.9088814,0.0
40090,89.9046977,0.5145
40091,90.9056396,0.1122
40092,91.9050347,0.1715
40093,92.9064699,0.0
40094,93.9063108,0.1738
40095,94.9080385,0.0
40096,95.9082714,0.028
40097,96.9109512,0.0
40098,97.9127289,0.0
40099,98.916667,0.0
40100,99.9180006,0.0
40101,100.921448,0.0
40102,101.9231409,0.0
40103,102.927191,0.0
40104,103.929436,0.0
40105,104.934008,0.0
40106,105.93676,0.0
40107,106.94174,0.0
40108,107.94487,0.0
40109,108.95041,0.0
40110,109.95396,0.0
40111,110.95968,0.0
40112,111.9637,0.0
41081,80.9496,0.0
41082,81.94396,0.0
41083,82.93729,0.0
41084,83.93449,0.0
41085,84.9288458,0.0
41086,85.9257828,0.0
41087,86.9206937,0.0
41088,87.918222,0.0
41089,88.913445,0.0
41090,89.9112584,0.0
41091,90.9069897,0.0
41092,91.9071881,0.0
41093,92.906373,1.0
41094,93.9072788,0.0
41095,94.9068324,0.0
41096,95.9080973,0.0
41097,96.9080959,0.0
41098,97.9103265,0.0
41099,98.911613,0.0
41100,99.9143276,0.0
41101,100.9153103,0.0
41102,101.9180772,0.0
41103,102.9194572,0.0
41104,103.9228925,0.0
41105,104.9249465,0.0
41106,105.9289317,0.0
41107,106.9315937,0.0
41108,107.9360748,0.0
41109,108.93922,0.0
41110,109.94403,0.0
41111,110.94753,0.0
41112,111.95247,0.0
41113,112.95651,0.0
41114,113.96201,0.0
41115,114.96634,0.0
42083,82.94988,0.0
42084,83.94149,0.0
42085,84.938261,0.0
42086,85.9311748,0.0
42087,86.9281962,0.0
42088,87.9219678,0.0
42089,88.9194682,0.0
42090,89.9139309,0.0
42091,90.9117453,0.0
42092,91.90680796,0.1453
42093,92.90680958,0.0
42094,93.9050849,0.0915
42095,94.90583877,0.1584
42096,95.90467612,0.1667
42097,96.90601812,0.096
42098,97.90540482,0.2439
42099,98.90770851,0.0
42100,99.9074718,0.0982
42101,100.9103414,0.0
42102,101.9102834,0.0
42103,102.913079,0.0
42104,103.9137344,0.0
42105,104.916969,0.0
42106,105.918259,0.0
42107,106.922106,0.0
42108,107.924033,0.0
42109,108.928424,0.0
42110,109.930704,0.0
42111,110.935654,0.0
42112,111.93831,0.0
42113,112.94335,0.0
42114,113.94653,0.0
42115,114.95196,0.0
42116,115.95545,0.0
42117,116.96117,0.0
43085,84.95058,0.0
43086,85.94493,0.0
43087,86.9380672,0.0
43088,87.93378,0.0
43089,88.9276487,0.0
43090,89.9240739,0.0
43091,90.9184254,0.0
43092,91.9152698,0.0
43093,92.910246,0.0
43094,93.9096536,0.0
43095,94.9076536,0.0
43096,95.907868,0.0
43097,96.9063667,0.0
43098,97.9072124,0.0
43099,98.9062508,0.0
43100,99.9076539,0.0
43101,100.907309,0.0
43102,101.9092097,0.0
43103,102.909176,0.0
43104,103.911425,0.0
43105,104.911655,0.0
43106,105.914358,0.0
43107,106.9154606,0.0
43108,107.9184957,0.0
43109,108.920256,0.0
43110,109.923744,0.0
43111,110.925901,0.0
43112,111.9299458,0.0
43113,112.932569,0.0
43114,113.93691,0.0
43115,114.93998,0.0
43116,115.94476,0.0
43117,116.94806,0.0
43118,117.95299,0.0
43119,118.95666,0.0
43120,119.96187,0.0
44087,86.95069,0.0
44088,87.9416,0.0
44089,88.93762,0.0
44090,89.9303444,0.0
44091,90.9267419,0.0
44092,91.9202344,0.0
44093,92.9171044,0.0
44094,93.9113429,0.0
44095,94.910406,0.0
44096,95.90759025,0.0554
44097,96.9075471,0.0
44098,97.9052868,0.0187
44099,98.9059341,0.1276
44100,99.9042143,0.126
44101,100.9055769,0.1706
44102,101.9043441,0.3155
44103,102.9063186,0.0
44104,103.9054275,0.1862
44105,104.9077476,0.0
44106,105.9073291,0.0
44107,106.909972,0.0
44108,107.910188,0.0
44109,108.913326,0.0
44110,109.9140407,0.0
44111,110.91757,0.0
44112,111.918809,0.0
44113,112.922844,0.0
44114,113.9246136,0.0
44115,114.92882,0.0
44116,115.9312192,0.0
44117,116.9361,0.0
44118,117.93853,0.0
44119,118.94357,0.0
44120,119.94631,0.0
44121,120.95164,0.0
44122,121.95447,0.0
44123,122.95989,0.0
44124,123.96305,0.0
45089,88.95058,0.0
45090,89.94422,0.0
45091,90.93688,0.0
45092,91.9323677,0.0
45093,92.9259128,0.0
45094,93.9217305,0.0
45095,94.9158979,0.0
45096,95.914453,0.0
45097,96.911329,0.0
45098,97.910708,0.0
45099,98.9081282,0.0
45100,99.908117,0.0
45101,100.9061606,0.0
45102,101.9068374,0.0
45103,102.905498,1.0
45104,103.9066492,0.0
45105,104.9056885,0.0
45106,105.9072868,0.0
45107,106.906748,0.0
45108,107.908714,0.0
45109,108.9087488,0.0
45110,109.911079,0.0
45111,110.9116423,0.0
45112,111.914403,0.0
45113,112.9154393,0.0
45114,113.918718,0.0
45115,114.9203116,0.0
45116,115.924059,0.0
45117,116.9260354,0.0
45118,117.93034,0.0
45119,118.932557,0.0
45120,119.93686,0.0
45121,120.93942,0.0
45122,121.94399,0.0
45123,122.94685,0.0
45124,123.95151,0.0
45125,124.95469,0.0
45126,125.95946,0.0
46091,90.95032,0.0
46092,91.94088,0.0
46093,92.93651,0.0
46094,93.9290376,0.0
46095,94.9248898,0.0
46096,95.9182151,0.0
46097,96.916472,0.0
46098,97.9126983,0.0
46099,98.9117748,0.0
46100,99.908505,0.0
46101,100.9082864,0.0
46102,101.9056022,0.0102
46103,102.9060809,0.0
46104,103.9040305,0.1114
46105,104.9050796,0.2233
46106,105.9034804,0.2733
46107,106.9051282,0.0
46108,107.9038916,0.2646
46109,108.9059504,0.0
46110,109.9051722,0.1172
46111,110.90768968,0.0
46112,111.9073297,0.0
46113,112.910261,0.0
46114,113.9103686,0.0
46115,114.913659,0.0
46116,115.914297,0.0
46117,116.9179547,0.0
46118,117.9190667,0.0
46119,118.9233402,0.0
46120,119.9245511,0.0
46121,120.9289503,0.0
46122,121.930632,0.0
46123,122.93514,0.0
46124,123.93714,0.0
46125,124.94179,0.0
46126,125.94416,0.0
46127,126.94907,0.0
46128,127.95183,0.0
47093,92.95033,0.0
47094,93.94373,0.0
47095,94.93602,0.0
47096,95.930744,0.0
47097,96.92397,0.0
47098,97.92156,0.0
47099,98.9176458,0.0
47100,99.9161154,0.0
47101,100.912684,0.0
47102,101.9117047,0.0
47103,102.9089631,0.0
47104,103.9086239,0.0
47105,104.9065256,0.0
47106,105.9066636,0.0
47107,106.9050916,0.51839
47108,107.9059503,0.0
47109,108.9047553,0.48161
47110,109.9061102,0.0
47111,110.9052959,0.0
47112,111.9070486,0.0
47113,112.906573,0.0
47114,113.908823,0.0
47115,114.908767,0.0
47116,115.9113868,0.0
47117,116.911774,0.0
47118,117.9145955,0.0
47119,118.91557,0.0
47120,119.9187848,0.0
47121,120.920125,0.0
47122,121.923664,0.0
47123,122.925337,0.0
47124,123.92893,0.0
47125,124.93105,0.0
47126,125.93475,0.0
47127,126.93711,0.0
47128,127.94106,0.0
47129,128.94395,0.0
47130,129.9507,0.0
48095,94.94994,0.0
48096,95.94034,0.0
48097,96.9351,0.0
48098,97.927389,0.0
48099,98.9249258,0.0
48100,99.9203488,0.0
48101,100.9185862,0.0
48102,101.914482,0.0
48103,102.9134165,0.0
48104,103.9098564,0.0
48105,104.9094639,0.0
48106,105.9064599,0.0125
48107,106.9066121,0.0
48108,107.9041834,0.0089
48109,108.9049867,0.0
48110,109.90300661,0.1249
48111,110.90418287,0.128
48112,111.90276287,0.2413
48113,112.90440813,0.1222
48114,113.90336509,0.2873
48115,114.90543751,0.0
48116,115.90476315,0.0749
48117,116.907226,0.0
48118,117.906922,0.0
48119,118.909847,0.0
48120,119.9098681,0.0
48121,120.9129637,0.0
48122,121.9134591,0.0
48123,122.9168925,0.0
48124,123.9176574,0.0
48125,124.9212576,0.0
48126,125.9224291,0.0
48127,126.926472,0.0
48128,127.9278129,0.0
48129,128.93182,0.0
48130,129.93394,0.0
48131,130.9406,0.0
48132,131.94604,0.0
48133,132.95285,0.0
49097,96.94934,0.0
49098,97.94214,0.0
49099,98.93411,0.0
49100,99.93096,0.0
49101,100.92634,0.0
49102,101.9241071,0.0
49103,102.9198819,0.0
49104,103.9182145,0.0
49105,104.914502,0.0
49106,105.913464,0.0
49107,106.91029,0.0
49108,107.9096935,0.0
49109,108.9071514,0.0
49110,109.90717,0.0
49111,110.9051085,0.0
49112,111.9055377,0.0
49113,112.90406184,0.0429
49114,113.90491791,0.0
49115,114.903878776,0.9571
49116,115.90525999,0.0
49117,116.9045157,0.0
49118,117.9063566,0.0
49119,118.9058507,0.0
49120,119.907967,0.0
49121,120.907851,0.0
49122,121.910281,0.0
49123,122.910434,0.0
49124,123.913182,0.0
49125,124.913605,0.0
49126,125.916507,0.0
49127,126.917446,0.0
49128,127.9204,0.0
49129,128.9218053,0.0
49130,129.924977,0.0
49131,130.9269715,0.0
49132,131.933001,0.0
49133,132.93831,0.0
49134,133.94454,0.0
49135,134.95005,0.0
50099,98.94853,0.0
50100,99.9385,0.0
50101,100.93526,0.0
50102,101.93029,0.0
50103,102.928105,0.0
50104,103.9231052,0.0
50105,104.9212684,0.0
50106,105.9169574,0.0
50107,106.9157137,0.0
50108,107.9118943,0.0
50109,108.9112921,0.0
50110,109.907845,0.0
50111,110.9077401,0.0
50112,111.90482387,0.0097
50113,112.9051757,0.0
50114,113.9027827,0.0066
50115,114.903344699,0.0034
50116,115.9017428,0.1454
50117,116.90295398,0.0768
50118,117.90160657,0.2422
50119,118.90331117,0.0859
50120,119.90220163,0.3258
50121,120.9042426,0.0
50122,121.9034438,0.0463
50123,122.9057252,0.0
50124,123.9052766,0.0579
50125,124.9077864,0.0
50126,125.907659,0.0
50127,126.91039,0.0
50128,127.910507,0.0
50129,128.913465,0.0
50130,129.9139738,0.0
50131,130.917045,0.0
50132,131.9178267,0.0
50133,132.9239134,0.0
50134,133.9286821,0.0
50135,134.9349086,0.0
50136,135.93999,0.0
50137,136.94655,0.0
50138,137.95184,0.0
51103,102.93969,0.0
51104,103.93648,0.0
51105,104.931276,0.0
51106,105.928638,0.0
51107,106.9241506,0.0
51108,107.9222267,0.0
51109,108.9181411,0.0
51110,109.9168543,0.0
51111,110.9132182,0.0
51112,111.9124,0.0
51113,112.909375,0.0
51114,113.90929,0.0
51115,114.906598,0.0
51116,115.9067931,0.0
51117,116.9048415,0.0
51118,117.9055321,0.0
51119,118.9039455,0.0
51120,119.9050794,0.0
51121,120.903812,0.5721
51122,121.9051699,0.0
51123,122.9042132,0.4279
51124,123.905935,0.0
51125,124.905253,0.0
51126,125.907253,0.0
51127,126.9069243,0.0
51128,127.909146,0.0
51129,128.909147,0.0
51130,129.911662,0.0
51131,130.9119888,0.0
51132,131.9145077,0.0
51133,132.9152732,0.0
51134,133.9205357,0.0
51135,134.9251851,0.0
51136,135.9307459,0.0
51137,136.93555,0.0
51138,137.94145,0.0
51139,138.94655,0.0
51140,139.95283,0.0
52105,104.9433,0.0
52106,105.9375,0.0
52107,106.935012,0.0
52108,107.9293805,0.0
52109,108.9273045,0.0
52110,109.9224581,0.0
52111,110.9210006,0.0
52112,111.9167279,0.0
52113,112.915891,0.0
52114,113.912089,0.0
52115,114.911902,0.0
52116,115.90846,0.0
52117,116.908646,0.0
52118,117.905854,0.0
52119,118.9064071,0.0
52120,119.9040593,0.0009
52121,120.904944,0.0
52122,121.9030435,0.0255
52123,122.9042698,0.0089
52124,123.9028171,0.0474
52125,124.9044299,0.0707
52126,125.9033109,0.1884
52127,126.9052257,0.0
52128,127.90446128,0.3174
52129,128.90659646,0.0
52130,129.906222748,0.3408
52131,130.908522213,0.0
52132,131.9085467,0.0
52133,132.9109688,0.0
52134,133.911394,0.0
52135,134.9165557,0.0
52136,135.9201006,0.0
52137,136.9255989,0.0
52138,137.9294722,0.0
52139,138.9353672,0.0
52140,139.939499,0.0
52141,140.9458,0.0
52142,141.95022,0.0
52143,142.95676,0.0
53107,106.94678,0.0
53108,107.94348,0.0
53109,108.9380853,0.0
53110,109.935089,0.0
53111,110.9302692,0.0
53112,111.928005,0.0
53113,112.9236501,0.0
53114,113.92185,0.0
53115,114.918048,0.0
53116,115.91681,0.0
53117,116.913648,0.0
53118,117.913074,0.0
53119,118.910074,0.0
53120,119.910087,0.0
53121,120.9074051,0.0
53122,121.9075888,0.0
53123,122.9055885,0.0
53124,123.906209,0.0
53125,124.9046294,0.0
53126,125.9056233,0.0
53127,126.9044719,1.0
53128,127.9058086,0.0
53129,128.9049837,0.0
53130,129.9066702,0.0
53131,130.9061263,0.0
53132,131.9079935,0.0
53133,132.907797,0.0
53134,133.9097588,0.0
53135,134.9100488,0.0
53136,135.914604,0.0
53137,136.9180282,0.0
53138,137.9227264,0.0
53139,138.926506,0.0
53140,139.93173,0.0
53141,140.93569,0.0
53142,141.9412,0.0
53143,142.94565,0.0
53144,143.95139,0.0
53145,144.95605,0.0
54109,108.95043,0.0
54110,109.94426,0.0
54111,110.941607,0.0
54112,111.935559,0.0
54113,112.9332217,0.0
54114,113.92798,0.0
54115,114.926294,0.0
54116,115.921581,0.0
54117,116.920359,0.0
54118,117.916179,0.0
54119,118.915411,0.0
54120,119.911784,0.0
54121,120.911453,0.0
54122,121.908368,0.0
54123,122.908482,0.0
54124,123.905892,0.000952
54125,124.9063944,0.0
54126,125.9042983,0.00089
54127,126.9051829,0.0
54128,127.903531,0.019102
54129,128.9047808611,0.264006
54130,129.903509349,0.04071
54131,130.90508406,0.212324
54132,131.9041550856,0.269086
54133,132.9059108,0.0
54134,133.90539466,0.104357
54135,134.9072278,0.0
54136,135.907214484,0.088573
54137,136.91155778,0.0
54138,137.9141463,0.0
54139,138.9187922,0.0
54140,139.9216458,0.0
54141,140.9267872,0.0
54142,141.9299731,0.0
54143,142.9353696,0.0
54144,143.9389451,0.0
54145,144.94472,0.0
54146,145.948518,0.0
54147,146.95426,0.0
54148,147.95813,0.0
55112,111.950309,0.0
55113,112.9444291,0.0
55114,113.941296,0.0
55115,114.93591,0.0
55116,115.93337,0.0
55117,116.928617,0.0
55118,117.92656,0.0
55119,118.922377,0.0
55120,119.920677,0.0
55121,120.917227,0.0
55122,121.916108,0.0
55123,122.912996,0.0
55124,123.9122578,0.0
55125,124.909728,0.0
55126,125.909446,0.0
55127,126.9074174,0.0
55128,127.9077487,0.0
55129,128.9060657,0.0
55130,129.9067093,0.0
55131,130.9054649,0.0
55132,131.9064339,0.0
55133,132.905451961,1.0
55134,133.906718503,0.0
55135,134.905977,0.0
55136,135.9073114,0.0
55137,136.90708923,0.0
55138,137.9110171,0.0
55139,138.9133638,0.0
55140,139.9172831,0.0
55141,140.9200455,0.0
55142,141.924296,0.0
55143,142.927349,0.0
55144,143.932076,0.0
55145,144.935527,0.0
55146,145.940344,0.0
55147,146.944156,0.0
55148,147.94923,0.0
55149,148.95302,0.0
55150,149.95833,0.0
55151,150.96258,0.0
56114,113.95066,0.0
56115,114.94737,0.0
56116,115.94128,0.0
56117,116.93814,0.0
56118,117.93306,0.0
56119,118.93066,0.0
56120,119.92605,0.0
56121,120.92405,0.0
56122,121.919904,0.0
56123,122.918781,0.0
56124,123.915094,0.0
56125,124.914472,0.0
56126,125.91125,0.0
56127,126.911091,0.0
56128,127.908342,0.0
56129,128.908681,0.0
56130,129.9063207,0.00106
56131,130.906941,0.0
56132,131.9050611,0.00101
56133,132.9060074,0.0
56134,133.90450818,0.02417
56135,134.90568838,0.06592
56136,135.90457573,0.07854
56137,136.90582714,0.11232
56138,137.905247,0.71698
56139,138.9088411,0.0
56140,139.9106057,0.0
56141,140.9144033,0.0
56142,141.9164324,0.0
56143,142.9206253,0.0
56144,143.9229549,0.0
56145,144.9275184,0.0
56146,145.930284,0.0
56147,146.935304,0.0
56148,147.938171,0.0
56149,148.94308,0.0
56150,149.94605,0.0
56151,150.95127,0.0
56152,151.95481,0.0
56153,152.96036,0.0
57116,115.9563,0.0
57117,116.94999,0.0
57118,117.94673,0.0
57119,118.94099,0.0
57120,119.93807,0.0
57121,120.93315,0.0
57122,121.93071,0.0
57123,122.9263,0.0
57124,123.924574,0.0
57125,124.920816,0.0
57126,125.919513,0.0
57127,126.916375,0.0
57128,127.915592,0.0
57129,128.912694,0.0
57130,129.912369,0.0
57131,130.91007,0.0
57132,131.910119,0.0
57133,132.908218,0.0
57134,133.908514,0.0
57135,134.906984,0.0
57136,135.907635,0.0
57137,136.9064504,0.0
57138,137.9071149,0.0008881
57139,138.9063563,0.9991119
57140,139.9094806,0.0
57141,140.910966,0.0
57142,141.9140909,0.0
57143,142.9160795,0.0
57144,143.919646,0.0
57145,144.921808,0.0
57146,145.925875,0.0
57147,146.928418,0.0
57148,147.932679,0.0
57149,148.93535,0.0
57150,149.93947,0.0
57151,150.94232,0.0
57152,151.94682,0.0
57153,152.95036,0.0
57154,153.95517,0.0
57155,154.95901,0.0
58119,118.95271,0.0
58120,119.94654,0.0
58121,120.94335,0.0
58122,121.93787,0.0
58123,122.93528,0.0
58124,123.93031,0.0
58125,124.92844,0.0
58126,125.923971,0.0
58127,126.922727,0.0
58128,127.918911,0.0
58129,128.918102,0.0
58130,129.914736,0.0
58131,130.914429,0.0
58132,131.911464,0.0
58133,132.91152,0.0
58134,133.908928,0.0
58135,134.909161,0.0
58136,135.90712921,0.00185
58137,136.90776236,0.0
58138,137.905991,0.00251
58139,138.9066551,0.0
58140,139.9054431,0.8845
58141,140.9082807,0.0
58142,141.9092504,0.11114
58143,142.9123921,0.0
58144,143.9136529,0.0
58145,144.917265,0.0
58146,145.918802,0.0
58147,146.9226899,0.0
58148,147.924424,0.0
58149,148.928427,0.0
58150,149.930384,0.0
58151,150.934272,0.0
58152,151.9366,0.0
58153,152.94093,0.0
58154,153.9438,0.0
58155,154.94855,0.0
58156,155.95183,0.0
58157,156.95705,0.0
59121,120.95532,0.0
59122,121.95175,0.0
59123,122.94596,0.0
59124,123.94294,0.0
59125,124.9377,0.0
59126,125.93524,0.0
59127,126.93071,0.0
59128,127.928791,0.0
59129,128.925095,0.0
59130,129.92359,0.0
59131,130.920235,0.0
59132,131.919255,0.0
59133,132.916331,0.0
59134,133.915697,0.0
59135,134.913112,0.0
59136,135.912677,0.0
59137,136.9106792,0.0
59138,137.910754,0.0
59139,138.9089408,0.0
59140,139.9090803,0.0
59141,140.9076576,1.0
59142,141.9100496,0.0
59143,142.9108228,0.0
59144,143.9133109,0.0
59145,144.9145182,0.0
59146,145.91768,0.0
59147,146.919008,0.0
59148,147.92213,0.0
59149,148.923736,0.0
59150,149.9266765,0.0
59151,150.928309,0.0
59152,151.931553,0.0
59153,152.933904,0.0
59154,153.93753,0.0
59155,154.940509,0.0
59156,155.94464,0.0
59157,156.94789,0.0
59158,157.95241,0.0
59159,158.95589,0.0
60124,123.9522,0.0
60125,124.9489,0.0
60126,125.94311,0.0
60127,126.94038,0.0
60128,127.93525,0.0
60129,128.9331,0.0
60130,129.928506,0.0
60131,130.927248,0.0
60132,131.923321,0.0
60133,132.922348,0.0
60134,133.91879,0.0
60135,134.918181,0.0
60136,135.914976,0.0
60137,136.914562,0.0
60138,137.91195,0.0
60139,138.911954,0.0
60140,139.90955,0.0
60141,140.9096147,0.0
60142,141.907729,0.27152
60143,142.90982,0.12174
60144,143.910093,0.23798
60145,144.9125793,0.08293
60146,145.9131226,0.17189
60147,146.9161061,0.0
60148,147.9168993,0.05756
60149,148.9201548,0.0
60150,149.9209022,0.05638
60151,150.9238403,0.0
60152,151.924692,0.0
60153,152.927718,0.0
60154,153.92948,0.0
60155,154.9331357,0.0
60156,155.93508,0.0
60157,156.939386,0.0
60158,157.94197,0.0
60159,158.94653,0.0
60160,159.9494,0.0
60161,160.95428,0.0
61126,125.95792,0.0
61127,126.95192,0.0
61128,127.9487,0.0
61129,128.94323,0.0
61130,129.94053,0.0
61131,130.93567,0.0
61132,131.93384,0.0
61133,132.929782,0.0
61134,133.928353,0.0
61135,134.924823,0.0
61136,135.923585,0.0
61137,136.92048,0.0
61138,137.919548,0.0
61139,138.9168,0.0
61140,139.91604,0.0
61141,140.913555,0.0
61142,141.91289,0.0
61143,142.9109383,0.0
61144,143.9125964,0.0
61145,144.9127559,0.0
61146,145.9147024,0.0
61147,146.915145,0.0
61148,147.9174819,0.0
61149,148.9183423,0.0
61150,149.920991,0.0
61151,150.9212175,0.0
61152,151.923506,0.0
61153,152.9241567,0.0
61154,153.926472,0.0
61155,154.928137,0.0
61156,155.9311175,0.0
61157,156.9331214,0.0
61158,157.936565,0.0
61159,158.939287,0.0
61160,159.9431,0.0
61161,160.94607,0.0
61162,161.95022,0.0
61163,162.95357,0.0
62128,127.95842,0.0
62129,128.95476,0.0
62130,129.949,0.0
62131,130.94618,0.0
62132,131.94087,0.0
62133,132.93856,0.0
62134,133.93411,0.0
62135,134.93252,0.0
62136,135.928276,0.0
62137,136.926971,0.0
62138,137.923244,0.0
62139,138.922297,0.0
62140,139.918995,0.0
62141,140.9184816,0.0
62142,141.9152044,0.0
62143,142.9146353,0.0
62144,143.9120065,0.0307
62145,144.9134173,0.0
62146,145.913047,0.0
62147,146.9149044,0.1499
62148,147.9148292,0.1124
62149,148.9171921,0.1382
62150,149.9172829,0.0738
62151,150.9199398,0.0
62152,151.9197397,0.2675
62153,152.9221047,0.0
62154,153.9222169,0.2275
62155,154.9246477,0.0
62156,155.925536,0.0
62157,156.9284187,0.0
62158,157.929951,0.0
62159,158.9332172,0.0
62160,159.9353353,0.0
62161,160.9391602,0.0
62162,161.94146,0.0
62163,162.94555,0.0
62164,163.94836,0.0
62165,164.95297,0.0
63130,129.96369,0.0
63131,130.95784,0.0
63132,131.95467,0.0
63133,132.94929,0.0
63134,133.9464,0.0
63135,134.94187,0.0
63136,135.93962,0.0
63137,136.93546,0.0
63138,137.933709,0.0
63139,138.929792,0.0
63140,139.928088,0.0
63141,140.924932,0.0
63142,141.923442,0.0
63143,142.920299,0.0
63144,143.91882,0.0
63145,144.9162726,0.0
63146,145.917211,0.0
63147,146.9167527,0.0
63148,147.918089,0.0
63149,148.9179378,0.0
63150,149.9197077,0.0
63151,150.9198578,0.4781
63152,151.9217522,0.0
63153,152.921238,0.5219
63154,153.922987,0.0
63155,154.9229011,0.0
63156,155.9247605,0.0
63157,156.9254334,0.0
63158,157.927799,0.0
63159,158.9291001,0.0
63160,159.931851,0.0
63161,160.933664,0.0
63162,161.936989,0.0
63163,162.939196,0.0
63164,163.94274,0.0
63165,164.94559,0.0
63166,165.94962,0.0
63167,166.95289,0.0
64133,132.96133,0.0
64134,133.95566,0.0
64135,134.95245,0.0
64136,135.9473,0.0
64137,136.94502,0.0
64138,137.94025,0.0
64139,138.93813,0.0
64140,139.933674,0.0
64141,140.932126,0.0
64142,141.928116,0.0
64143,142.92675,0.0
64144,143.922963,0.0
64145,144.921713,0.0
64146,145.9183188,0.0
64147,146.9191014,0.0
64148,147.9181215,0.0
64149,148.9193481,0.0
64150,149.9186644,0.0
64151,150.920356,0.0
64152,151.9197995,0.002
64153,152.921758,0.0
64154,153.9208741,0.0218
64155,154.9226305,0.148
64156,155.9221312,0.2047
64157,156.9239686,0.1565
64158,157.9241123,0.2484
64159,158.926397,0.0
64160,159.9270624,0.2186
64161,160.9296775,0.0
64162,161.930993,0.0
64163,162.9341769,0.0
64164,163.93583,0.0
64165,164.93936,0.0
64166,165.94146,0.0
64167,166.94545,0.0
64168,167.94808,0.0
64169,168.9526,0.0
65135,134.96476,0.0
65136,135.96129,0.0
65137,136.95602,0.0
65138,137.95312,0.0
65139,138.94833,0.0
65140,139.94581,0.0
65141,140.94145,0.0
65142,141.93928,0.0
65143,142.935137,0.0
65144,143.933045,0.0
65145,144.92882,0.0
65146,145.927253,0.0
65147,146.9240548,0.0
65148,147.924282,0.0
65149,148.9232535,0.0
65150,149.9236649,0.0
65151,150.9231096,0.0
65152,151.924083,0.0
65153,152.9234424,0.0
65154,153.924685,0.0
65155,154.923511,0.0
65156,155.9247552,0.0
65157,156.924033,0.0
65158,157.9254209,0.0
65159,158.9253547,1.0
65160,159.9271756,0.0
65161,160.9275778,0.0
65162,161.929495,0.0
65163,162.9306547,0.0
65164,163.93336,0.0
65165,164.93498,0.0
65166,165.93786,0.0
65167,166.93996,0.0
65168,167.9434,0.0
65169,168.94597,0.0
65170,169.94984,0.0
65171,170.95273,0.0
66138,137.9625,0.0
66139,138.95959,0.0
66140,139.95402,0.0
66141,140.95128,0.0
66142,141.94619,0.0
66143,142.943994,0.0
66144,143.9392695,0.0
66145,144.937474,0.0
66146,145.9328445,0.0
66147,146.9310827,0.0
66148,147.927157,0.0
66149,148.927322,0.0
66150,149.9255933,0.0
66151,150.9261916,0.0
66152,151.9247253,0.0
66153,152.9257724,0.0
66154,153.9244293,0.0
66155,154.925759,0.0
66156,155.9242847,0.00056
66157,156.9254707,0.0
66158,157.9244159,0.00095
66159,158.925747,0.0
66160,159.9252046,0.02329
66161,160.9269405,0.18889
66162,161.9268056,0.25475
66163,162.9287383,0.24896
66164,163.9291819,0.2826
66165,164.9317105,0.0
66166,165.9328139,0.0
66167,166.935661,0.0
66168,167.93713,0.0
66169,168.94031,0.0
66170,169.94239,0.0
66171,170.94612,0.0
66172,171.94846,0.0
66173,172.95283,0.0
67140,139.96859,0.0
67141,140.96311,0.0
67142,141.96001,0.0
67143,142.95486,0.0
67144,143.9521097,0.0
67145,144.9472674,0.0
67146,145.9449935,0.0
67147,146.9401423,0.0
67148,147.937744,0.0
67149,148.933803,0.0
67150,149.933498,0.0
67151,150.9316983,0.0
67152,151.931724,0.0
67153,152.9302064,0.0
67154,153.9306068,0.0
67155,154.929104,0.0
67156,155.929706,0.0
67157,156.928254,0.0
67158,157.928946,0.0
67159,158.9277197,0.0
67160,159.928737,0.0
67161,160.9278615,0.0
67162,161.9291023,0.0
67163,162.928741,0.0
67164,163.9302403,0.0
67165,164.9303288,1.0
67166,165.9322909,0.0
67167,166.9331385,0.0
67168,167.935522,0.0
67169,168.936878,0.0
67170,169.939625,0.0
67171,170.94147,0.0
67172,171.94473,0.0
67173,172.94702,0.0
67174,173.95095,0.0
67175,174.95362,0.0
68142,141.9701,0.0
68143,142.96662,0.0
68144,143.9607,0.0
68145,144.95805,0.0
68146,145.9524184,0.0
68147,146.949964,0.0
68148,147.944735,0.0
68149,148.942306,0.0
68150,149.937916,0.0
68151,150.937449,0.0
68152,151.935057,0.0
68153,152.93508,0.0
68154,153.9327908,0.0
68155,154.9332159,0.0
68156,155.931067,0.0
68157,156.931949,0.0
68158,157.929893,0.0
68159,158.9306918,0.0
68160,159.929077,0.0
68161,160.9300046,0.0
68162,161.9287884,0.00139
68163,162.9300408,0.0
68164,163.9292088,0.01601
68165,164.9307345,0.0
68166,165.9302995,0.33503
68167,166.9320546,0.22869
68168,167.9323767,0.26978
68169,168.9345968,0.0
68170,169.9354702,0.1491
68171,170.9380357,0.0
68172,171.9393619,0.0
68173,172.9424,0.0
68174,173.94423,0.0
68175,174.94777,0.0
68176,175.94994,0.0
68177,176.95399,0.0
69144,143.97628,0.0
69145,144.97039,0.0
69146,145.96684,0.0
69147,146.9613799,0.0
69148,147.958384,0.0
69149,148.95289,0.0
69150,149.95009,0.0
69151,150.945488,0.0
69152,151.944422,0.0
69153,152.94204,0.0
69154,153.94157,0.0
69155,154.93921,0.0
69156,155.938992,0.0
69157,156.936944,0.0
69158,157.93698,0.0
69159,158.934975,0.0
69160,159.935263,0.0
69161,160.933549,0.0
69162,161.934002,0.0
69163,162.9326592,0.0
69164,163.933544,0.0
69165,164.9324431,0.0
69166,165.933561,0.0
69167,166.9328562,0.0
69168,167.9341774,0.0
69169,168.9342179,1.0
69170,169.935806,0.0
69171,170.9364339,0.0
69172,171.9384055,0.0
69173,172.9396084,0.0
69174,173.942173,0.0
69175,174.943841,0.0
69176,175.947,0.0
69177,176.94904,0.0
69178,177.95264,0.0
69179,178.95534,0.0
70148,147.96758,0.0
70149,148.96436,0.0
70150,149.95852,0.0
70151,150.9554,0.0
70152,151.95027,0.0
70153,152.94932,0.0
70154,153.946396,0.0
70155,154.945783,0.0
70156,155.942825,0.0
70157,156.942645,0.0
70158,157.9398705,0.0
70159,158.940055,0.0
70160,159.937557,0.0
70161,160.937907,0.0
70162,161.935774,0.0
70163,162.93634,0.0
70164,163.934495,0.0
70165,164.93527,0.0
70166,165.9338747,0.0
70167,166.934953,0.0
70168,167.9338896,0.00123
70169,168.9351825,0.0
70170,169.9347664,0.02982
70171,170.9363302,0.1409
70172,171.9363859,0.2168
70173,172.9382151,0.16103
70174,173.9388664,0.32026
70175,174.9412808,0.0
70176,175.9425764,0.12996
70177,176.9452656,0.0
70178,177.946651,0.0
70179,178.95004,0.0
70180,179.95212,0.0
70181,180.95589,0.0
71150,149.97355,0.0
71151,150.96768,0.0
71152,151.96412,0.0
71153,152.95875,0.0
71154,153.95736,0.0
71155,154.954321,0.0
71156,155.953033,0.0
71157,156.950127,0.0
71158,157.949316,0.0
71159,158.946636,0.0
71160,159.946033,0.0
71161,160.943572,0.0
71162,161.943283,0.0
71163,162.941179,0.0
71164,163.941339,0.0
71165,164.939407,0.0
71166,165.939859,0.0
71167,166.93827,0.0
71168,167.938736,0.0
71169,168.9376441,0.0
71170,169.938478,0.0
71171,170.937917,0.0
71172,171.9390891,0.0
71173,172.938934,0.0
71174,173.9403409,0.0
71175,174.9407752,0.97401
71176,175.9426897,0.02599
71177,176.9437615,0.0
71178,177.945958,0.0
71179,178.9473309,0.0
71180,179.949888,0.0
71181,180.95191,0.0
71182,181.95504,0.0
71183,182.957363,0.0
71184,183.96091,0.0
71185,184.96362,0.0
72153,152.97069,0.0
72154,153.96486,0.0
72155,154.96311,0.0
72156,155.95935,0.0
72157,156.95824,0.0
72158,157.954801,0.0
72159,158.953996,0.0
72160,159.950691,0.0
72161,160.950278,0.0
72162,161.9472148,0.0
72163,162.947113,0.0
72164,163.944371,0.0
72165,164.944567,0.0
72166,165.94218,0.0
72167,166.9426,0.0
72168,167.940568,0.0
72169,168.941259,0.0
72170,169.939609,0.0
72171,170.940492,0.0
72172,171.93945,0.0
72173,172.940513,0.0
72174,173.9400461,0.0016
72175,174.9415092,0.0
72176,175.9414076,0.0526
72177,176.9432277,0.186
72178,177.9437058,0.2728
72179,178.9458232,0.1362
72180,179.946557,0.3508
72181,180.9491083,0.0
72182,181.9505612,0.0
72183,182.95353,0.0
72184,183.955446,0.0
72185,184.958862,0.0
72186,185.960897,0.0
72187,186.96477,0.0
72188,187.96685,0.0
72189,188.97084,0.0
73155,154.97424,0.0
73156,155.97203,0.0
73157,156.96818,0.0
73158,157.96654,0.0
73159,158.963023,0.0
73160,159.961488,0.0
73161,160.958452,0.0
73162,161.957294,0.0
73163,162.954337,0.0
73164,163.953534,0.0
73165,164.950781,0.0
73166,165.950512,0.0
73167,166.948093,0.0
73168,167.948047,0.0
73169,168.946011,0.0
73170,169.946175,0.0
73171,170.944476,0.0
73172,171.944895,0.0
73173,172.94375,0.0
73174,173.944454,0.0
73175,174.943737,0.0
73176,175.944857,0.0
73177,176.9444795,0.0
73178,177.945678,0.0
73179,178.9459366,0.0
73180,179.9474648,0.0001201
73181,180.9479958,0.9998799
73182,181.9501519,0.0
73183,182.9513726,0.0
73184,183.954008,0.0
73185,184.955559,0.0
73186,185.958551,0.0
73187,186.960386,0.0
73188,187.963916,0.0
73189,188.96583,0.0
73190,189.96939,0.0
73191,190.97156,0.0
73192,191.97514,0.0
74157,156.97884,0.0
74158,157.97456,0.0
74159,158.97264,0.0
74160,159.96846,0.0
74161,160.9672,0.0
74162,161.963499,0.0
74163,162.962524,0.0
74164,163.958961,0.0
74165,164.958281,0.0
74166,165.955031,0.0
74167,166.954805,0.0
74168,167.951806,0.0
74169,168.951779,0.0
74170,169.949232,0.0
74171,170.949451,0.0
74172,171.947292,0.0
74173,172.947689,0.0
74174,173.946079,0.0
74175,174.946717,0.0
74176,175.945634,0.0
74177,176.946643,0.0
74178,177.945883,0.0
74179,178.947077,0.0
74180,179.9467108,0.0012
74181,180.9481978,0.0
74182,181.94820394,0.265
74183,182.95022275,0.1431
74184,183.95093092,0.3064
74185,184.95341897,0.0
74186,185.9543628,0.2843
74187,186.9571588,0.0
74188,187.9584862,0.0
74189,188.961763,0.0
74190,189.963091,0.0
74191,190.966531,0.0
74192,191.96817,0.0
74193,192.97178,0.0
74194,193.97367,0.0
75159,158.98418,0.0
75160,159.98182,0.0
75161,160.97757,0.0
75162,161.97584,0.0
75163,162.97208,0.0
75164,163.970453,0.0
75165,164.967103,0.0
75166,165.965761,0.0
75167,166.962595,0.0
75168,167.961573,0.0
75169,168.958766,0.0
75170,169.95822,0.0
75171,170.955716,0.0
75172,171.95542,0.0
75173,172.953243,0.0
75174,173.953115,0.0
75175,174.951381,0.0
75176,175.951623,0.0
75177,176.950328,0.0
75178,177.950989,0.0
75179,178.949989,0.0
75180,179.950792,0.0
75181,180.950058,0.0
75182,181.95121,0.0
75183,182.9508196,0.0
75184,183.9525228,0.0
75185,184.9529545,0.374
75186,185.9549856,0.0
75187,186.9557501,0.626
75188,187.9581115,0.0
75189,188.959226,0.0
75190,189.961744,0.0
75191,190.963122,0.0
75192,191.966088,0.0
75193,192.967541,0.0
75194,193.97076,0.0
75195,194.97254,0.0
75196,195.9758,0.0
75197,196.97799,0.0
75198,197.9816,0.0
76161,160.98903,0.0
76162,161.98443,0.0
76163,162.98241,0.0
76164,163.97802,0.0
76165,164.9766,0.0
76166,165.972692,0.0
76167,166.971549,0.0
76168,167.967808,0.0
76169,168.967018,0.0
76170,169.963578,0.0
76171,170.963174,0.0
76172,171.960017,0.0
76173,172.959808,0.0
76174,173.957064,0.0
76175,174.956945,0.0
76176,175.954806,0.0
76177,176.954966,0.0
76178,177.953254,0.0
76179,178.953817,0.0
76180,179.952375,0.0
76181,180.953247,0.0
76182,181.95211,0.0
76183,182.953125,0.0
76184,183.9524885,0.0002
76185,184.9540417,0.0
76186,185.953835,0.0159
76187,186.9557474,0.0196
76188,187.9558352,0.1324
76189,188.9581442,0.1615
76190,189.9584437,0.2626
76191,190.9609264,0.0
76192,191.961477,0.4078
76193,192.9641479,0.0
76194,193.9651772,0.0
76195,194.968318,0.0
76196,195.969641,0.0
76197,196.97283,0.0
76198,197.97441,0.0
76199,198.97801,0.0
76200,199.97984,0.0
76201,200.98364,0.0
76202,201.98595,0.0
77164,163.99191,0.0
77165,164.9875,0.0
77166,165.98566,0.0
77167,166.981666,0.0
77168,167.979907,0.0
77169,168.976298,0.0
77170,169.974922,0.0
77171,170.97164,0.0
77172,171.970607,0.0
77173,172.967506,0.0
77174,173.966861,0.0
77175,174.96415,0.0
77176,175.96365,0.0
77177,176.961301,0.0
77178,177.961082,0.0
77179,178.95912,0.0
77180,179.959229,0.0
77181,180.957625,0.0
77182,181.958076,0.0
77183,182.95684,0.0
77184,183.957476,0.0
77185,184.956698,0.0
77186,185.957944,0.0
77187,186.957542,0.0
77188,187.958828,0.0
77189,188.958715,0.0
77190,189.9605412,0.0
77191,190.9605893,0.373
77192,191.9626002,0.0
77193,192.9629216,0.627
77194,193.9650735,0.0
77195,194.9659747,0.0
77196,195.968397,0.0
77197,196.969655,0.0
77198,197.97228,0.0
77199,198.973805,0.0
77200,199.9768,0.0
77201,200.97864,0.0
77202,201.98199,0.0
77203,202.98423,0.0
77204,203.9896,0.0
78166,165.99486,0.0
78167,166.99269,0.0
78168,167.98813,0.0
78169,168.98657,0.0
78170,169.982496,0.0
78171,170.981245,0.0
78172,171.977351,0.0
78173,172.976443,0.0
78174,173.97282,0.0
78175,174.97241,0.0
78176,175.968938,0.0
78177,176.96847,0.0
78178,177.96565,0.0
78179,178.965359,0.0
78180,179.963032,0.0
78181,180.963098,0.0
78182,181.961172,0.0
78183,182.961597,0.0
78184,183.959915,0.0
78185,184.960614,0.0
78186,185.959351,0.0
78187,186.960617,0.0
78188,187.9593889,0.0
78189,188.960831,0.0
78190,189.9599297,0.00012
78191,190.9616729,0.0
78192,191.9610387,0.00782
78193,192.9629824,0.0
78194,193.9626809,0.3286
78195,194.9647917,0.3378
78196,195.96495209,0.2521
78197,196.96734069,0.0
78198,197.9678949,0.07356
78199,198.9705952,0.0
78200,199.971443,0.0
78201,200.974513,0.0
78202,201.975639,0.0
78203,202.97893,0.0
78204,203.98076,0.0
78205,204.98608,0.0
78206,205.98966,0.0
79169,168.99808,0.0
79170,169.99597,0.0
79171,170.991876,0.0
79172,171.989942,0.0
79173,172.986241,0.0
79174,173.984717,0.0
79175,174.981304,0.0
79176,175.98025,0.0
79177,176.97687,0.0
79178,177.976032,0.0
79179,178.973174,0.0
79180,179.972523,0.0
79181,180.970079,0.0
79182,181.969618,0.0
79183,182.967591,0.0
79184,183.967452,0.0
79185,184.96579,0.0
79186,185.965953,0.0
79187,186.964543,0.0
79188,187.965349,0.0
79189,188.963948,0.0
79190,189.964698,0.0
79191,190.963702,0.0
79192,191.964814,0.0
79193,192.9641373,0.0
79194,193.9654178,0.0
79195,194.9650352,0.0
79196,195.9665699,0.0
79197,196.96656879,1.0
79198,197.96824242,0.0
79199,198.96876528,0.0
79200,199.970756,0.0
79201,200.9716575,0.0
79202,201.973856,0.0
79203,202.9751544,0.0
79204,203.97783,0.0
79205,204.97985,0.0
79206,205.98474,0.0
79207,206.9884,0.0
79208,207.99345,0.0
79209,208.99735,0.0
79210,210.0025,0.0
80171,171.00353,0.0
80172,171.99881,0.0
80173,172.99709,0.0
80174,173.992865,0.0
80175,174.991441,0.0
80176,175.987361,0.0
80177,176.986277,0.0
80178,177.982484,0.0
80179,178.981831,0.0
80180,179.97826,0.0
80181,180.977819,0.0
80182,181.974689,0.0
80183,182.9744448,0.0
80184,183.971714,0.0
80185,184.971899,0.0
80186,185.969362,0.0
80187,186.969814,0.0
80188,187.967567,0.0
80189,188.968195,0.0
80190,189.966323,0.0
80191,190.967157,0.0
80192,191.965635,0.0
80193,192.966653,0.0
80194,193.9654491,0.0
80195,194.966721,0.0
80196,195.9658326,0.0015
80197,196.9672128,0.0
80198,197.9667686,0.0997
80199,198.96828064,0.1687
80200,199.96832659,0.231
80201,200.97030284,0.1318
80202,201.9706434,0.2986
80203,202.9728728,0.0
80204,203.97349398,0.0687
80205,204.9760734,0.0
80206,205.977514,0.0
80207,206.9823,0.0
80208,207.985759,0.0
80209,208.99072,0.0
80210,209.99424,0.0
80211,210.99933,0.0
80212,212.00296,0.0
80213,213.00823,0.0
80214,214.012,0.0
80215,215.0174,0.0
80216,216.02132,0.0
81176,176.000624,0.0
81177,176.996431,0.0
81178,177.99485,0.0
81179,178.991111,0.0
81180,179.990057,0.0
81181,180.98626,0.0
81182,181.985713,0.0
81183,182.982193,0.0
81184,183.981886,0.0
81185,184.978789,0.0
81186,185.978651,0.0
81187,186.9759063,0.0
81188,187.976021,0.0
81189,188.973588,0.0
81190,189.973828,0.0
81191,190.9717842,0.0
81192,191.972225,0.0
81193,192.970502,0.0
81194,193.971081,0.0
81195,194.969774,0.0
81196,195.970481,0.0
81197,196.969576,0.0
81198,197.970483,0.0
81199,198.969877,0.0
81200,199.9709633,0.0
81201,200.970822,0.0
81202,201.972102,0.0
81203,202.9723446,0.2952
81204,203.9738639,0.0
81205,204.9744278,0.7048
81206,205.9761106,0.0
81207,206.9774197,0.0
81208,207.982019,0.0
81209,208.9853594,0.0
81210,209.990074,0.0
81211,210.993475,0.0
81212,211.99834,0.0
81213,213.001915,0.0
81214,214.00694,0.0
81215,215.01064,0.0
81216,216.0158,0.0
81217,217.01966,0.0
81218,218.02479,0.0
82178,178.003831,0.0
82179,179.002201,0.0
82180,179.997928,0.0
82181,180.996653,0.0
82182,181.992672,0.0
82183,182.991872,0.0
82184,183.988136,0.0
82185,184.98761,0.0
82186,185.984238,0.0
82187,186.9839109,0.0
82188,187.980875,0.0
82189,188.980807,0.0
82190,189.978082,0.0
82191,190.978276,0.0
82192,191.975775,0.0
82193,192.976173,0.0
82194,193.974012,0.0
82195,194.974543,0.0
82196,195.972774,0.0
82197,196.9734312,0.0
82198,197.972034,0.0
82199,198.972913,0.0
82200,199.971819,0.0
82201,200.972883,0.0
82202,201.972152,0.0
82203,202.9733911,0.0
82204,203.973044,0.014
82205,204.9744822,0.0
82206,205.9744657,0.241
82207,206.9758973,0.221
82208,207.9766525,0.524
82209,208.9810905,0.0
82210,209.9841889,0.0
82211,210.9887371,0.0
82212,211.9918977,0.0
82213,212.9965629,0.0
82214,213.9998059,0.0
82215,215.00474,0.0
82216,216.00803,0.0
82217,217.01314,0.0
82218,218.01659,0.0
82219,219.02177,0.0
82220,220.02541,0.0
83184,184.001275,0.0
83185,184.9976,0.0
83186,185.996644,0.0
83187,186.993147,0.0
83188,187.992287,0.0
83189,188.989195,0.0
83190,189.988622,0.0
83191,190.9857866,0.0
83192,191.985469,0.0
83193,192.98296,0.0
83194,193.982785,0.0
83195,194.9806488,0.0
83196,195.980667,0.0
83197,196.9788651,0.0
83198,197.979206,0.0
83199,198.977673,0.0
83200,199.978131,0.0
83201,200.97701,0.0
83202,201.977734,0.0
83203,202.976893,0.0
83204,203.9778361,0.0
83205,204.9773867,0.0
83206,205.9784993,0.0
83207,206.978471,0.0
83208,207.9797425,0.0
83209,208.9803991,1.0
83210,209.9841207,0.0
83211,210.9872697,0.0
83212,211.991286,0.0
83213,212.9943851,0.0
83214,213.998712,0.0
83215,215.00177,0.0
83216,216.006306,0.0
83217,217.009372,0.0
83218,218.014188,0.0
83219,219.01748,0.0
83220,220.02235,0.0
83221,221.02587,0.0
83222,222.03078,0.0
83223,223.0345,0.0
83224,224.03947,0.0
84186,186.004393,0.0
84187,187.003041,0.0
84188,187.999416,0.0
84189,188.998473,0.0
84190,189.995101,0.0
84191,190.9945585,0.0
84192,191.991336,0.0
84193,192.991026,0.0
84194,193.988186,0.0
84195,194.988126,0.0
84196,195.985526,0.0
84197,196.98566,0.0
84198,197.983389,0.0
84199,198.983667,0.0
84200,199.981799,0.0
84201,200.9822598,0.0
84202,201.980758,0.0
84203,202.9814161,0.0
84204,203.98031,0.0
84205,204.981203,0.0
84206,205.980474,0.0
84207,206.9815938,0.0
84208,207.9812461,0.0
84209,208.9824308,0.0
84210,209.9828741,0.0
84211,210.9866536,0.0
84212,211.9888684,0.0
84213,212.9928576,0.0
84214,213.9952017,0.0
84215,214.9994201,0.0
84216,216.0019152,0.0
84217,217.0063182,0.0
84218,218.0089735,0.0
84219,219.013614,0.0
84220,220.016386,0.0
84221,221.021228,0.0
84222,222.02414,0.0
84223,223.02907,0.0
84224,224.03211,0.0
84225,225.03707,0.0
84226,226.04031,0.0
84227,227.04539,0.0
85191,191.004148,0.0
85192,192.003152,0.0
85193,192.999927,0.0
85194,193.999236,0.0
85195,194.9962685,0.0
85196,195.9958,0.0
85197,196.993189,0.0
85198,197.992784,0.0
85199,198.9905277,0.0
85200,199.990351,0.0
85201,200.9884171,0.0
85202,201.98863,0.0
85203,202.986943,0.0
85204,203.987251,0.0
85205,204.986076,0.0
85206,205.986657,0.0
85207,206.9858,0.0
85208,207.9866133,0.0
85209,208.9861702,0.0
85210,209.9871479,0.0
85211,210.9874966,0.0
85212,211.9907377,0.0
85213,212.992937,0.0
85214,213.9963721,0.0
85215,214.9986528,0.0
85216,216.0024236,0.0
85217,217.0047192,0.0
85218,218.008695,0.0
85219,219.0111618,0.0
85220,220.015433,0.0
85221,221.018017,0.0
85222,222.022494,0.0
85223,223.025151,0.0
85224,224.029749,0.0
85225,225.03263,0.0
85226,226.03716,0.0
85227,227.04024,0.0
85228,228.04475,0.0
85229,229.04812,0.0
86193,193.009708,0.0
86194,194.006144,0.0
86195,195.005422,0.0
86196,196.002116,0.0
86197,197.001585,0.0
86198,197.998679,0.0
86199,198.99839,0.0
86200,199.99569,0.0
86201,200.995628,0.0
86202,201.993264,0.0
86203,202.993388,0.0
86204,203.99143,0.0
86205,204.991719,0.0
86206,205.990214,0.0
86207,206.9907303,0.0
86208,207.989635,0.0
86209,208.990415,0.0
86210,209.9896891,0.0
86211,210.9906011,0.0
86212,211.9907039,0.0
86213,212.9938831,0.0
86214,213.995363,0.0
86215,214.9987459,0.0
86216,216.0002719,0.0
86217,217.003928,0.0
86218,218.0056016,0.0
86219,219.0094804,0.0
86220,220.0113941,0.0
86221,221.0155371,0.0
86222,222.0175782,0.0
86223,223.0218893,0.0
86224,224.024096,0.0
86225,225.028486,0.0
86226,226.030861,0.0
86227,227.035304,0.0
86228,228.037835,0.0
86229,229.042257,0.0
86230,230.04514,0.0
86231,231.04987,0.0
87199,199.007259,0.0
87200,200.006586,0.0
87201,201.003867,0.0
87202,202.00332,0.0
87203,203.0009407,0.0
87204,204.000652,0.0
87205,204.9985939,0.0
87206,205.998666,0.0
87207,206.996946,0.0
87208,207.997138,0.0
87209,208.995955,0.0
87210,209.996422,0.0
87211,210.995556,0.0
87212,211.9962257,0.0
87213,212.996186,0.0
87214,213.9989713,0.0
87215,215.0003418,0.0
87216,216.0031899,0.0
87217,217.0046323,0.0
87218,218.0075787,0.0
87219,219.0092524,0.0
87220,220.0123277,0.0
87221,221.0142552,0.0
87222,222.017552,0.0
87223,223.019736,0.0
87224,224.023398,0.0
87225,225.025573,0.0
87226,226.029566,0.0
87227,227.031869,0.0
87228,228.035823,0.0
87229,229.038298,0.0
87230,230.042416,0.0
87231,231.045158,0.0
87232,232.04937,0.0
87233,233.05264,0.0
88201,201.01271,0.0
88202,202.00976,0.0
88203,203.009304,0.0
88204,204.006492,0.0
88205,205.006268,0.0
88206,206.003828,0.0
88207,207.003799,0.0
88208,208.001841,0.0
88209,209.00199,0.0
88210,210.000494,0.0
88211,211.0008932,0.0
88212,211.999787,0.0
88213,213.000384,0.0
88214,214.0000997,0.0
88215,215.0027204,0.0
88216,216.0035334,0.0
88217,217.0063207,0.0
88218,218.007141,0.0
88219,219.0100855,0.0
88220,220.0110259,0.0
88221,221.0139177,0.0
88222,222.0153748,0.0
88223,223.0185023,0.0
88224,224.020212,0.0
88225,225.0236119,0.0
88226,226.0254103,0.0
88227,227.0291783,0.0
88228,228.0310707,0.0
88229,229.034942,0.0
88230,230.037055,0.0
88231,231.041027,0.0
88232,232.0434753,0.0
88233,233.047582,0.0
88234,234.050342,0.0
88235,235.05497,0.0
89206,206.014452,0.0
89207,207.011966,0.0
89208,208.01155,0.0
89209,209.009495,0.0
89210,210.009436,0.0
89211,211.007732,0.0
89212,212.007813,0.0
89213,213.006609,0.0
89214,214.006918,0.0
89215,215.006475,0.0
89216,216.008743,0.0
89217,217.009344,0.0
89218,218.011642,0.0
89219,219.012421,0.0
89220,220.0147549,0.0
89221,221.015592,0.0
89222,222.0178442,0.0
89223,223.0191377,0.0
89224,224.0217232,0.0
89225,225.02323,0.0
89226,226.0260984,0.0
89227,227.0277523,0.0
89228,228.0310215,0.0
89229,229.032956,0.0
89230,230.036327,0.0
89231,231.038393,0.0
89232,232.042034,0.0
89233,233.044346,0.0
89234,234.048139,0.0
89235,235.05084,0.0
89236,236.054988,0.0
89237,237.05827,0.0
90208,208.0179,0.0
90209,209.017753,0.0
90210,210.015094,0.0
90211,211.014929,0.0
90212,212.012988,0.0
90213,213.013009,0.0
90214,214.0115,0.0
90215,215.0117248,0.0
90216,216.011056,0.0
90217,217.013117,0.0
90218,218.013276,0.0
90219,219.015537,0.0
90220,220.015748,0.0
90221,221.018184,0.0
90222,222.018469,0.0
90223,223.0208119,0.0
90224,224.021464,0.0
90225,225.0239514,0.0
90226,226.0249034,0.0
90227,227.0277042,0.0
90228,228.0287413,0.0
90229,229.0317627,0.0
90230,230.0331341,0.0
90231,231.0363046,0.0
90232,232.0380558,1.0
90233,233.0415823,0.0
90234,234.0436014,0.0
90235,235.047255,0.0
90236,236.049657,0.0
90237,237.053629,0.0
90238,238.0565,0.0
90239,239.06077,0.0
91212,212.023203,0.0
91213,213.021109,0.0
91214,214.020918,0.0
91215,215.019183,0.0
91216,216.019109,0.0
91217,217.018325,0.0
91218,218.020059,0.0
91219,219.019904,0.0
91220,220.021705,0.0
91221,221.021875,0.0
91222,222.023784,0.0
91223,223.023963,0.0
91224,224.0256176,0.0
91225,225.026131,0.0
91226,226.027948,0.0
91227,227.0288054,0.0
91228,228.0310517,0.0
91229,229.0320972,0.0
91230,230.034541,0.0
91231,231.0358842,1.0
91232,232.0385917,0.0
91233,233.0402472,0.0
91234,234.0433072,0.0
91235,235.045399,0.0
91236,236.048668,0.0
91237,237.051023,0.0
91238,238.054637,0.0
91239,239.05726,0.0
91240,240.06098,0.0
91241,241.06408,0.0
92217,217.02466,0.0
92218,218.023523,0.0
92219,219.024999,0.0
92220,220.02462,0.0
92221,221.02628,0.0
92222,222.026,0.0
92223,223.027739,0.0
92224,224.027605,0.0
92225,225.029391,0.0
92226,226.029339,0.0
92227,227.031157,0.0
92228,228.031371,0.0
92229,229.0335063,0.0
92230,230.0339401,0.0
92231,231.0362939,0.0
92232,232.0371563,0.0
92233,233.0396355,0.0
92234,234.0409523,5.4e-05
92235,235.0439301,0.007204
92236,236.0455682,0.0
92237,237.0487304,0.0
92238,238.0507884,0.992742
92239,239.0542935,0.0
92240,240.0565934,0.0
92241,241.06033,0.0
92242,242.06293,0.0
92243,243.06699,0.0
93219,219.03143,0.0
93220,220.03254,0.0
93221,221.03204,0.0
93222,222.0333,0.0
93223,223.03285,0.0
93224,224.03422,0.0
93225,225.033911,0.0
93226,226.035188,0.0
93227,227.034957,0.0
93228,228.036067,0.0
93229,229.036264,0.0
93230,230.037828,0.0
93231,231.038245,0.0
93232,232.04011,0.0
93233,233.040741,0.0
93234,234.0428953,0.0
93235,235.0440635,0.0
93236,236.04657,0.0
93237,237.0481736,0.0
93238,238.0509466,0.0
93239,239.0529392,0.0
93240,240.056165,0.0
93241,241.058253,0.0
93242,242.06164,0.0
93243,243.06428,0.0
93244,244.06785,0.0
93245,245.0708,0.0
94228,228.038732,0.0
94229,229.040144,0.0
94230,230.03965,0.0
94231,231.041102,0.0
94232,232.041185,0.0
94233,233.042998,0.0
94234,234.0433174,0.0
94235,235.045286,0.0
94236,236.0460581,0.0
94237,237.0484098,0.0
94238,238.0495601,0.0
94239,239.0521636,0.0
94240,240.0538138,0.0
94241,241.0568517,0.0
94242,242.0587428,0.0
94243,243.0620036,0.0
94244,244.0642053,0.0
94245,245.067826,0.0
94246,246.070205,0.0
94247,247.07419,0.0
95230,230.04609,0.0
95231,231.04556,0.0
95232,232.04645,0.0
95233,233.04644,0.0
95234,234.04773,0.0
95235,235.047908,0.0
95236,236.04943,0.0
95237,237.049996,0.0
95238,238.051985,0.0
95239,239.0530247,0.0
95240,240.0553,0.0
95241,241.0568293,0.0
95242,242.0595494,0.0
95243,243.0613813,0.0
95244,244.0642851,0.0
95245,245.0664548,0.0
95246,246.069775,0.0
95247,247.07209,0.0
95248,248.07575,0.0
95249,249.07848,0.0
96232,232.04982,0.0
96233,233.05077,0.0
96234,234.05016,0.0
96235,235.05154,0.0
96236,236.051374,0.0
96237,237.052869,0.0
96238,238.053081,0.0
96239,239.05491,0.0
96240,240.0555297,0.0
96241,241.0576532,0.0
96242,242.058836,0.0
96243,243.0613893,0.0
96244,244.0627528,0.0
96245,245.0654915,0.0
96246,246.0672238,0.0
96247,247.0703541,0.0
96248,248.0723499,0.0
96249,249.0759548,0.0
96250,250.078358,0.0
96251,251.082286,0.0
96252,252.08487,0.0
97234,234.05727,0.0
97235,235.05658,0.0
97236,236.05748,0.0
97237,237.0571,0.0
97238,238.0582,0.0
97239,239.05824,0.0
97240,240.05976,0.0
97241,241.06016,0.0
97242,242.06198,0.0
97243,243.0630078,0.0
97244,244.065181,0.0
97245,245.0663618,0.0
97246,246.068673,0.0
97247,247.0703073,0.0
97248,248.073088,0.0
97249,249.0749877,0.0
97250,250.0783167,0.0
97251,251.080762,0.0
97252,252.08431,0.0
97253,253.08688,0.0
97254,254.0906,0.0
98237,237.062198,0.0
98238,238.06149,0.0
98239,239.06253,0.0
98240,240.062256,0.0
98241,241.06369,0.0
98242,242.063754,0.0
98243,243.06548,0.0
98244,244.0660008,0.0
98245,245.0680487,0.0
98246,246.0688055,0.0
98247,247.070965,0.0
98248,248.0721851,0.0
98249,249.0748539,0.0
98250,250.0764062,0.0
98251,251.0795886,0.0
98252,252.0816272,0.0
98253,253.0851345,0.0
98254,254.087324,0.0
98255,255.09105,0.0
98256,256.09344,0.0
99239,239.06823,0.0
99240,240.06892,0.0
99241,241.06856,0.0
99242,242.06957,0.0
99243,243.06951,0.0
99244,244.07088,0.0
99245,245.07125,0.0
99246,246.0729,0.0
99247,247.073622,0.0
99248,248.075471,0.0
99249,249.076411,0.0
99250,250.07861,0.0
99251,251.0799936,0.0
99252,252.08298,0.0
99253,253.0848257,0.0
99254,254.0880222,0.0
99255,255.090275,0.0
99256,256.0936,0.0
99257,257.09598,0.0
99258,258.09952,0.0
100241,241.07421,0.0
100242,242.07343,0.0
100243,243.07446,0.0
100244,244.07404,0.0
100245,245.07535,0.0
100246,246.07535,0.0
100247,247.07694,0.0
100248,248.0771865,0.0
100249,249.0789275,0.0
100250,250.079521,0.0
100251,251.08154,0.0
100252,252.0824671,0.0
100253,253.0851846,0.0
100254,254.0868544,0.0
100255,255.089964,0.0
100256,256.0917745,0.0
100257,257.0951061,0.0
100258,258.09708,0.0
100259,259.1006,0.0
100260,260.10281,0.0
101245,245.08081,0.0
101246,246.08171,0.0
101247,247.08152,0.0
101248,248.08282,0.0
101249,249.08291,0.0
101250,250.08441,0.0
101251,251.084774,0.0
101252,252.08643,0.0
101253,253.087144,0.0
101254,254.08959,0.0
101255,255.0910841,0.0
101256,256.09389,0.0
101257,257.0955424,0.0
101258,258.0984315,0.0
101259,259.10051,0.0
101260,260.10365,0.0
101261,261.10583,0.0
101262,262.1091,0.0
102248,248.08655,0.0
102249,249.0878,0.0
102250,250.08756,0.0
102251,251.08894,0.0
102252,252.088967,0.0
102253,253.0905641,0.0
102254,254.090956,0.0
102255,255.093191,0.0
102256,256.0942829,0.0
102257,257.0968878,0.0
102258,258.09821,0.0
102259,259.10103,0.0
102260,260.10264,0.0
102261,261.1057,0.0
102262,262.10746,0.0
102263,263.11071,0.0
102264,264.11273,0.0
103251,251.09418,0.0
103252,252.09526,0.0
103253,253.09509,0.0
103254,254.09648,0.0
103255,255.096562,0.0
103256,256.098494,0.0
103257,257.099418,0.0
103258,258.10176,0.0
103259,259.102902,0.0
103260,260.1055,0.0
103261,261.10688,0.0
103262,262.10961,0.0
103263,263.11136,0.0
103264,264.1142,0.0
103265,265.11619,0.0
103266,266.11983,0.0
104253,253.10044,0.0
104254,254.10005,0.0
104255,255.10127,0.0
104256,256.101152,0.0
104257,257.102918,0.0
104258,258.103428,0.0
104259,259.105596,0.0
104260,260.10644,0.0
104261,261.108773,0.0
104262,262.10992,0.0
104263,263.11249,0.0
104264,264.11388,0.0
104265,265.11668,0.0
104266,266.11817,0.0
104267,267.12179,0.0
104268,268.12397,0.0
105255,255.10707,0.0
105256,256.10789,0.0
105257,257.10758,0.0
105258,258.10928,0.0
105259,259.109492,0.0
105260,260.1113,0.0
105261,261.11192,0.0
105262,262.11407,0.0
105263,263.11499,0.0
105264,264.11741,0.0
105265,265.11861,0.0
105266,266.12103,0.0
105267,267.12247,0.0
105268,268.12567,0.0
105269,269.12791,0.0
105270,270.13136,0.0
106258,258.11298,0.0
106259,259.1144,0.0
106260,260.114384,0.0
106261,261.115949,0.0
106262,262.116337,0.0
106263,263.11829,0.0
106264,264.11893,0.0
106265,265.12109,0.0
106266,266.12198,0.0
106267,267.12436,0.0
106268,268.12539,0.0
106269,269.12863,0.0
106270,270.13043,0.0
106271,271.13393,0.0
106272,272.13589,0.0
106273,273.13958,0.0
107260,260.12166,0.0
107261,261.12145,0.0
107262,262.12297,0.0
107263,263.12292,0.0
107264,264.12459,0.0
107265,265.12491,0.0
107266,266.12679,0.0
107267,267.1275,0.0
107268,268.12969,0.0
107269,269.13042,0.0
107270,270.13336,0.0
107271,271.13526,0.0
107272,272.13826,0.0
107273,273.14024,0.0
107274,274.14355,0.0
107275,275.14567,0.0
108263,263.12852,0.0
108264,264.128357,0.0
108265,265.129793,0.0
108266,266.130046,0.0
108267,267.13167,0.0
108268,268.13186,0.0
108269,269.13375,0.0
108270,270.13429,0.0
108271,271.13717,0.0
108272,272.1385,0.0
108273,273.14168,0.0
108274,274.1433,0.0
108275,275.14667,0.0
108276,276.14846,0.0
108277,277.1519,0.0
109265,265.136,0.0
109266,266.13737,0.0
109267,267.13719,0.0
109268,268.13865,0.0
109269,269.13882,0.0
109270,270.14033,0.0
109271,271.14074,0.0
109272,272.14341,0.0
109273,273.1444,0.0
109274,274.14724,0.0
109275,275.14882,0.0
109276,276.15159,0.0
109277,277.15327,0.0
109278,278.15631,0.0
109279,279.15808,0.0
110267,267.14377,0.0
110268,268.14348,0.0
110269,269.144752,0.0
110270,270.144584,0.0
110271,271.14595,0.0
110272,272.14602,0.0
110273,273.14856,0.0
110274,274.14941,0.0
110275,275.15203,0.0
110276,276.15303,0.0
110277,277.15591,0.0
110278,278.15704,0.0
110279,279.1601,0.0
110280,280.16131,0.0
110281,281.16451,0.0
111272,272.15327,0.0
111273,273.15313,0.0
111274,274.15525,0.0
111275,275.15594,0.0
111276,276.15833,0.0
111277,277.15907,0.0
111278,278.16149,0.0
111279,279.16272,0.0
111280,280.16514,0.0
111281,281.16636,0.0
111282,282.16912,0.0
111283,283.17054,0.0
112276,276.16141,0.0
112277,277.16364,0.0
112278,278.16416,0.0
112279,279.16654,0.0
112280,280.16715,0.0
112281,281.16975,0.0
112282,282.1705,0.0
112283,283.17327,0.0
112284,284.17416,0.0
112285,285.17712,0.0
113278,278.17058,0.0
113279,279.17095,0.0
113280,280.17293,0.0
113281,281.17348,0.0
113282,282.17567,0.0
113283,283.17657,0.0
113284,284.17873,0.0
113285,285.17973,0.0
113286,286.18221,0.0
113287,287.18339,0.0
114285,285.18364,0.0
114286,286.18423,0.0
114287,287.18678,0.0
114288,288.18757,0.0
114289,289.19042,0.0
115287,287.1907,0.0
115288,288.19274,0.0
115289,289.19363,0.0
115290,290.19598,0.0
115291,291.19707,0.0
116289,289.19816,0.0
116290,290.19864,0.0
116291,291.20108,0.0
116292,292.20174,0.0
116293,293.20449,0.0
117291,291.20553,0.0
117292,292.20746,0.0
117293,293.20824,0.0
117294,294.21046,0.0
118293,293.21356,0.0
118294,294.21392,0.0
118295,295.21624,0.0
